1;1С-Битрикс
2;Администрирование *nix
3;.NET
4;.NET Core
5;1C: ERP
6;2d-анимация
7;2d-графика
8;3d анимация
9;3d моделирование
10;3ds Max
11;960gs
12;ABAP
13;ADFOX
14;ADO.NET
15;ADO.NET entity framework
16;AIOHTTP
17;AIX
18;АСУ ТП
19;API Интерфейсы
20;Тестирование API
21;ARM architecture
22;ASM
23;ASP Classic
24;ASP.NET
25;ASP.NET MVC
26;ASP.NET WEB API
27;ASP.NET Webforms
28;ATL
29;AUTOSAR
30;AVR C
31;AWS
32;Ableton live
33;Академический рисунок
34;Accessibility
35;ActionScript
36;Active directory
37;Acunetix
38;Адаптивный дизайн
39;Адаптивная верстка
40;Администрирование 1С
41;Администрирование Вebian
42;Adobe Acrobat
43;Adobe After Effects
44;Adobe Air
45;Adobe Animate
46;Adobe Audition
47;Adobe Creative Suite 6
48;Adobe Dreamweaver
49;Adobe Edge Animate
50;Adobe Fireworks
51;Adobe Illustrator
52;Adobe Indesign
53;Adobe Muse
54;Adobe Photoshop
55;Adobe Premiere
56;Adobe XD
57;Aerospike
58;Аффилированный маркетинг
59;Agile
60;Ahrefs
61;Airtable
62;Ajax
63;Akka
64;Алгоритмическая закупка рекламы
65;Алгоритмы
66;Алгоритмы и структуры данных
67;Allure
68;Altium designer
69;Amazon EKS
70;AmoCRM
71;Amplitude
72;Android NDK
73;Android SDK
74;Android User Interface Guidelines
75;Разработка под Android
76;Android studio
77;Angular
78;Angular.js
79;Мультипликация
80;Ansi C
81;Ansible
82;Ant
83;Apache
84;Apache Airflow
85;Apache Camel
86;Apache Cassandra
87;Apache Cordova
88;Apache CouchDB
89;Apache Flex
90;Apache Flink
91;Apache Hadoop
92;Apache JMeter
93;Apache Kafka
94;Apache Maven
95;Apache NiFi
96;Apache Spark
97;Apache Struts
98;Apache Subversion
99;Apache Tomcat
100;Apache2
101;Apollo
102;App Inventor
103;Appium
104;Applicability statement 2
105;Проектирование архитектуры приложений
106;Прикладное ПО
107;Прикладная математика
108;Прикладная криптография
109;Appsflyer
110;Arcgis
111;Archicad
112;Arduino
113;Aris
114;Арт-директинг
115;Artlantis
116;Asana
117;AsciiDoc
118;Assembler
119;Asterisk
120;Асинхронное программирование
121;Asyncio
122;Atmel AVR
123;Atmel AVR ASM
124;Atom
125;Привлечение клиентов
126;Обработка звука
127;Дополненная реальность
128;Aurelia
129;Autocad
130;Autodesk Maya
131;Autoit
132;Autolayout
133;AvaloniaUI
134;Avaya
135;Axapta
136;Axure
137;Axure RP
138;B2B
139;B2C
140;БЭМ
141;BFT
142;BGP
143;BI
144;BPMN
145;Babel
146;Babylon.js
147;Backbone.js
148;Balsamiq mockups
149;Bamboo CI
150;Создание баннеров
151;Bash
152;Batch Script
153;Behat
154;Большие данные
155;Разработка систем биллинга
156;Bitcoin
157;Битрикс24
158;Black box testing
159;Blazor
160;Blender
161;Blockchain
162;Ведение блога
163;Верстка книг
164;Boost
165;Border Gateway Protocol
166;Bower
167;Box2d
168;Brand
169;Брендирование
170;Разработка браузерных расширений
171;Bubble
172;Buddy
173;Баг-трекинг
174;Построение бизнес-моделей
175;Burp Suite
176;Оптимизация бизнес-процессов
177;Бизнес аналитика
178;Бизнес-консультирование
179;Развитие бизнеса
180;Business intelligence
181;Бизнес-моделирование
182;Бизнес-планирование
183;Управление бизнес-процессами
184;Разработка бизнес-стратегии
185;Bytecode Viewer
186;C
187;C#
188;C++
189;C++ boost
190;С++ builder
191;C++ stl
192;САПР
193;CCNA
194;CCS
195;CI/CD
196;CIO
197;Программирование ЧПУ
198;Разработка CRM
199;CS-Cart
200;CSS
201;CSS processors
202;CSS-in-JS
203;Caché ObjectScript
204;Cacti
205;Caffe
206;CakePHP
207;Calabash
208;Каллиграфия
209;Camunda
210;Canvas
211;Capistrano
212;Capybara
213;Celery
214;Centos
215;Управление изменениями
216;Channel
217;Chaplin.js
218;Анимация персонажей
219;Разработка персонажа
220;Charles
221;Chef
222;Cinema 4d
223;Circle CI
224;Схемотехника
225;Cisco CCNA
226;Cisco CCNP
227;Администрирование оборудования Cisco
228;Citrix
229;Clarion
230;Clean Architecture
231;ClickHouse
232;Клиент-серверные приложения
233;Clojure
234;Облачные вычисления
235;Cmake
236;Коучинг
237;Cocoa
238;Cocoa touch
239;Cocos2d
240;Cocos2d-iPhone
241;Cocos2d-x
242;Оптимизация кода
243;Codeception
244;Codeigniter
245;CoffeeScript
246;Coldfusion
247;Коллажирование
248;Цветокоррекция
249;Создание комиксов
250;Common lisp
251;Управление компанией
252;Compass
253;Компас 3d
254;Компиляторы
255;Составление семантического ядра
256;Composer
257;Композинг
258;Computer Engineering
259;Computer Science
260;Настройка и ремонт компьютерной техники
261;Компьютерная графика
262;Компьютерное зрение
263;Система автоматизированного проектирования
264;Концепт-арт
265;Дизайн концептов
266;Проведение интервью
267;Конфигурационное управление
268;Диаграммы связей
269;Consul
270;Консультирование
271;Управление контентом
272;Контент маркетинг
273;Contentful
274;Копирайтинг
275;Core graphics
276;CoreData
277;Corel Draw
278;Corel Painter
279;Corona SDK
280;Coroutines
281;Корпоративные коммуникации
282;Разработка фирменного стиля
283;Cortex-M3
284;Создание анимации
285;Создание чертежей
286;Создание фирменного стиля
287;Создание визиток
288;Создание flash-анимации
289;Создание иконок
290;Создание инфографики
291;Создание скетчей
292;Создание звуковых эффектов
293;Создание визуальных эффектов
294;Creatio CRM
295;Создание концепций
296;Создание креативных концепций
297;Создание архитектуры проектов
298;Создание telegram-ботов
299;Кроссбраузерная верстка
300;Кросс-платформенная разработка
301;Криптография
302;Crystal
303;Cucumber
304;Cuda
305;Обслуживание клиентов
306;Поддержка клиентов
307;Cygwin
308;Cypress
309;D
310;D3.js
311;DBA
312;DBIx::Class
313;СУБД InterSystems Cache
314;СУБД InterSystems Caché
315;DDD
316;Защита от DDOS
317;DHCP
318;DITA
319;DNS
320;DWH
321;Dagger 2
322;Dart
323;Dash
324;Анализ данных
325;Защита информации
326;Базы данных
327;Администрирование баз данных
328;Проектирование баз данных
329;Datalife engine
330;Датамайнинг
331;Datawrapper
332;Debian
333;Deep Learning
334;Delphi
335;Описание бизнес-процессов
336;Проектирование
337;Шаблон проектирования
338;Паттерны проектирования
339;Проектирование и строительство СКС
340;Проектирование и прокладка ЛВС
341;Проектирование в Axure
342;Дизайн-система
343;Тестирование дизайна
344;DevExpress
345;DevOps
346;DevRel
347;DevSecOps
348;Разработка под 1С
349;Разработка под AR и VR
350;Разработка под Windows Phone
351;Управление разработкой
352;Разработка креативных стратегий коммуникаций
353;Разработка систем защиты информации
354;Разработка решений по интеграции
355;Разработка интернет-магазинов
356;Разработка ТЗ
357;Разработка систем видеонаблюдения
358;Цифровой сигнальный процессор
359;Цифровые медиа
360;Цифровая живопись
361;DirectX
362;Медийная реклама
363;Распределённые вычисления
364;Django
365;DocBook
366;Docker
367;Doctrine
368;Doctrine2
369;Document Object Model
370;Documentum
371;Dojo
372;Domain Specific Languages
373;Рисование
374;Разработка драйверов
375;Drupal
376;Электронная коммерция
377;ELK Stack
378;ER-диаграммы
379;ERM
380;ETL
381;Echo
382;Eclipse
383;Редактура и корректура
384;Edius
385;Effector
386;Elasticsearch
387;Electron
388;Разработка электроники
389;Elixir
390;Elm
391;Email маркетинг
392;Верстка Email
393;Embedded linux
394;Встраиваемая система
395;Ember.js
396;Emmet
397;Enterprise
398;Архитектура предприятия
399;Enterprise JavaBeans
400;Enterprise Service Bus
401;Entity framework
402;Erlang
403;Erlang/OTP
404;Ethereum
405;Ethernet 802.1Q
406;Управление событиями
407;Exim
408;Express
409;Ext JS
410;Внешняя оптимизация
411;F#
412;FFmpeg
413;FHIR
414;FPGA
415;Facebook API
416;Falcon
417;FastAPI
418;Fastlane
419;Figma Design
420;Filemaker
421;Final Cut Pro X
422;Финансовая аналитика
423;Fine BI
424;Firebird
425;Firewall
426;Fl studio
427;Flash-программирование
428;Flask
429;Плоский дизайн
430;Flex
431;Flow
432;Flutter
433;Flutter Bloc
434;Flutter Riverpod
435;Разработка шрифтов
436;Форензика
437;Forth
438;Fortran
439;Foundation
440;Тестирование методом свободного поиска
441;FreeBSD
442;Администрирование FreeBSD
443;FreeMarker Template Engine
444;Рисование от руки
445;Freeswitch
446;Frida
447;FuelPHP
448;Fullstack
449;Функциональное программирование
450;Функциональное тестирование
451;GCD
452;GDScript
453;GIMP
454;GIS
455;GLSL
456;GNU
457;GNU Compiler collection
458;GNU Make
459;GTK+
460;GUI дизайн
461;GWT
462;Game Maker Language (GML)
463;Дизайн игр
464;Разработка игр
465;Gearman
466;Генерация идей
467;Gentoo
468;Геоинформационные системы
469;Gevent
470;Ghidra
471;Gin
472;Git
473;Git-Flow
474;GitHub
475;GitHub Actions
476;GitHub Deployments
477;GitLab
478;Global
479;Godot Engine
480;Golang
481;Google AdWords
482;Google Analytics
483;Google App Engine
484;Google BigQuery
485;Google Cloud Platform
486;Google Firebase
487;Google Kubernetes Engine
488;Google Maps API
489;Google Partners
490;Google Search Console
491;Google Tag Manager
492;Gradle
493;Grafana
494;Grails framework
495;Grape
496;GraphQL
497;Графический дизайн
498;Графика для игр
499;Graylog
500;Groovy
501;Growth hacking
502;Grunt
503;Gulp
504;HP LoadRunner
505;HTML
506;HTML-приложения
507;HTTP
508;Haml
509;HashiCorp Vault
510;Haskell
511;Haxe
512;Hibernate
513;Высокая доступность
514;Highcharts.js
515;Высоконагруженные системы
516;Host CMS
517;Houdini
518;Hyper-v
519;Виртуализация hyper-v
520;IBM Db2
521;IBM WebSphere
522;IDA Pro
523;IDS
524;IIS
525;IPS Community Suite
526;It-консультирование
527;Управление IT-услугами
528;ITIL
529;Дизайн иконок
530;Обработка изображений
531;Внедрение CRM
532;Внедрение геймификации
533;Внедрение монетизации
534;Повышение конверсии
535;Промышленный дизайн
536;Информационный дизайн
537;Информационная безопасность
538;Информационные технологии
539;Информационная архитектура
540;Проектирование информационных систем
541;Inkscape
542;Insales
543;Установка и обслуживание офисной техники
544;Монтаж систем связи
545;Intellij IDEA
546;Проектирование взаимодействия
547;Взаимодействие с государственными органами
548;Интерактивный дизайн
549;Interbase
550;Проектирование интерфейсов
551;Разработка интерфейсов
552;Дизайн интерьера
553;Внутренняя и внешняя оптимизация
554;Внутренняя оптимизация
555;Интернет маркетинг
556;Ionic
557;Iptables
558;J2ME
559;JBoss Application Server
560;JBoss EJB3
561;JDBC
562;JFrog
563;JOOQ
564;JQuery
565;JQuery Mobile
566;JQuery UI
567;JSF
568;JSON
569;JSS
570;JTBD
571;Jackson
572;Jade
573;Jasmine
574;Java
575;Java EE
576;Java Persistence API
577;Java SE
578;Java Servlet
579;Java Spring Framework
580;Java core
581;Java message service
582;JavaFX
583;JavaScript
584;Jee
585;Jenkins
586;Jest
587;Jira
588;Jmix
589;Joomla
590;Журналистика
591;Julia
592;Juniper
593;Администрирование оборудования Juniper Networks
594;Junit
595;Jupyter Notebook
596;Юриспруденция
597;KVM
598;Kanban
599;Karma
600;Kaspersky Endpoint Security
601;Kendo UI
602;Keras
603;Kerio
604;Keynote
605;Knockout.js
606;Kohana framework
607;Kotlin
608;Ktor
609;Kubernetes
610;Администрирование LAMP
611;LDAP
612;LESS
613;Labview
614;Lamp
615;Дизайн лендингов
616;Верстка лендингов
617;Laravel
618;Latex
619;Компоновка
620;Верстка полиграфической продукции
621;Верстка печатных изданий
622;Lazarus
623;Лидогенерация
624;Leaflet
625;Бережливое производство
626;Бережливый стартап
627;Lean startup
628;Леттеринг
629;Дизайн уровней
630;LibGDX
631;Библиотека стандартных шаблонов
632;Liferay
633;Link Building
634;Linq
635;Linux
636;Администрирование Linux
637;Linux kernel
638;Lisp
639;Lit Elements
640;Грамотность
641;Литературное редактирование
642;Художественный перевод
643;Livestreet
644;Дизайн логотипов
645;Lotus Domino
646;Низкоуровневое программирование
647;Низкополигональное моделирование
648;Lua
649;Lync
650;MFC
651;MODX CMS
652;MODX EVO
653;MODX REVOLUTION
654;MPLS
655;MQL4
656;MQTT
657;Администрирование MS SQL
658;MSP
659;MSP430
660;MVVM
661;MVVM WS WCF
662;Mac
663;Машинное обучение
664;Magento
665;Администрирование почтовых серверов
666;Mailchimp
667;Анализ вредоносных программ
668;Управление рисками
669;Manticore
670;Ручное тестирование
671;Mapreduce
672;Marionette.js
673;Markdown
674;Мониторинг и анализ рынка
675;Исследование рынка
676;Маркетинговые исследования
677;Marvel App
678;MatPlotLib
679;Material Design
680;MaterializeCSS
681;Математическое моделирование
682;Математическая статистика
683;MathCAD
684;Математика
685;Matlab
686;Matte painting
687;McAfee DLP
688;Управление медиа
689;Медиапланирование
690;Memcache
691;Mercurial
692;Интерфейс передачи сообщений
693;Meteor.js
694;Программирование микроконтроллеров
695;Микросервисная архитектура
696;Microsoft Access
697;Microsoft Dynamic CRM
698;Microsoft Dynamics CRM
699;Microsoft Dynamics NAV
700;Microsoft Excel
701;Microsoft Exchange Server
702;Microsoft Office
703;Microsoft PowerPoint
704;Microsoft Project
705;Microsoft SQL
706;Microsoft SQL Server
707;Microsoft Silverlight
708;Microsoft Visio
709;Microsoft Word
710;Microsoft Xna
711;Mikrotik
712;MobX
713;Mobile
714;Маркетинг мобильных приложений
715;Дизайн мобильных приложений
716;Разработка мобильных приложений
717;Тестирование мобильных приложений
718;Mocha
719;Модель C4
720;Моделирование
721;Модерирование
722;Mojolicious
723;Moleculer.js
724;MongoDB
725;Мониторинг
726;Mootools
727;Mudbox
728;Мультирегиональное продвижение сайтов
729;Многопротокольная коммутация по меткам
730;Многопоточность
731;MyBatis
732;MySQL
733;MySQLi
734;NATS
735;NW.js
736;Nagios
737;Нейминг
738;NativeScript
739;Обработка естественного языка
740;Ведение переговоров
741;Neo4j
742;NestJS
743;NetBackup
744;Netbeans
745;Netcat CMS
746;Netty
747;Проектирование сетей
748;Сетевая безопасность
749;Администрирование сетей
750;Мониторинг сетей
751;Сетевые технологии
752;Нейронные сети
753;New business development
754;Новые медиа
755;Next.js
756;Nginx
757;Nhibernate
758;Nightwatch.js
759;NoSQL
760;Node.js
761;Notepad++
762;Nuke
763;NumPy
764;Nunit
765;Nuxt.js
766;OData
767;OLAP
768;ООП
769;OSGI
770;OSPF
771;OWASP
772;Объектно-ориентированное проектирование
773;Объектно-реляционное отображение
774;Objective-С
775;October Cms
776;Onboarding
777;OpenAPI Specification
778;OpenCL
779;OpenCV
780;OpenEdge ABL
781;OpenGL
782;OpenGL ES
783;OpenMP
784;OpenVPN
785;OpenVZ
786;Opencart
787;Openstack
788;Operations
789;Оптимизация под социальные сети
790;Oracle
791;Администрирование Oracle
792;Oracle DBA
793;Oracle E-Business Suite
794;Oracle Engineered Systems
795;Oracle PL
796;Oracle PL/SQL
797;Oracle SQL
798;Oracle Siebel CRM
799;Oracle Solaris
800;Oracle Workflow
801;Oracle application express
802;Oracle weblogic server
803;Организация бизнес-процессов
804;Организация мероприятий
805;Организация работы с CRM
806;Организационная разработка
807;Osi model
808;Дизайн наружной рекламы
809;Ремонт и обслуживание ПК
810;PCB дизайн
811;Разработка печатных плат
812;PCI DSS
813;PHP
814;PHPMyAdmin
815;PLC
816;Программирование ПЛК
817;PMBOK
818;PWA
819;Дизайн упаковки
820;Paint Tool SAI
821;Живопись
822;Pandas
823;Parallax
824;Параллельное программирование
825;Parser3
826;Парсинг
827;Pascal
828;Pawn
829;Payment gateways
830;Тестирование на проникновение
831;Управление людьми
832;Performance
833;Тестирование производительности
834;Performance tuning
835;Perl
836;Phalcon
837;Phantom.js
838;Phoenix
839;PhoneGap
840;Обработка фотографий
841;Фоторетушь
842;Фотосъемка
843;PhpUnit
844;Pic microcontroller
845;Пиксельная графика
846;Pixel-perfect
847;Pixelmator
848;Pixi.js
849;Планирование
850;Play
851;Playwright
852;Point Cloud Library
853;Polymer (library)
854;Портретная фотография
855;Posix
856;PostCSS
857;PostGIS
858;Postfix
859;PostgreSQL
860;Postman
861;PowerBI
862;PowerBuilder
863;PowerScript
864;Powershell
865;Ppc
866;Допечатная подготовка
867;Pre-sale
868;Презентации
869;PrestaShop
870;PrimeFaces
871;Полиграфический дизайн
872;Prism
873;Решение проблем
874;Автоматизация процессов
875;Продюсирование
876;Дизайн продукта
877;Управление продуктами
878;Продуктовый маркетинг
879;Разработка продукта
880;Предметная фотография
881;Разработка продуктовой стратегии
882;Product training
883;Управление программами
884;Бюджетирование проектов
885;Руководитель проектов 1С
886;Управление проектами
887;Проектное планирование
888;Продвижение проектов
889;Сопровождение проектов
890;Prolog
891;Prometheus
892;Protobuf
893;Прототипирование
894;Публичные выступления
895;Связи с общественностью
896;Pug
897;Пунктуальность
898;Puppet
899;Pure C
900;PyQT
901;PyTorch
902;Pyramid
903;Python
904;QML
905;QNX
906;Qt
907;QT QML
908;Qemu
909;Qlik Sense
910;QlikView
911;QoS / ETS (Enhanced Transmission Selection) RFC
912;Обеспечение качества
913;Контроль качества
914;QuarkXPress
915;Quarkus
916;R
917;RDMA
918;REST
919;REST Assured
920;RESTful API
921;RESTful WebServices.
922;RGB
923;Разработчик RPA
924;RSpec
925;RTL
926;RabbitMQ
927;Растровая графика
928;React
929;React Native
930;Реактивное программирование
931;Операционная система реального времени
932;RealBig
933;Realm
934;Realtime
935;ReasonML
936;ReasonReact
937;Recoil
938;Рекрутмент
939;Консультирование по подбору персонала
940;Red Hat
941;Red Hat Enterprise Linux
942;Red Hat Linux
943;Redis
944;Redmine
945;Redux
946;Regex
947;Регрессионное тестирование
948;Регулярные выражения
949;Reinforcement learning
950;Рендеринг
951;Ремонт и обслуживание оргтехники
952;Репортажная фотография
953;Require.js
954;Анализ требований
955;Научно-исследовательская работа
956;Проведение исследований
957;Responsys
958;Обработка резюме
959;Ретуширование
960;Retrofit
961;Обратная разработка
962;Рерайтинг
963;Riak
964;RnD
965;Robot Framework
966;Room
967;Маршрутизация
968;Ruby
969;Ruby on Rails
970;Rust
971;RxJava 2
972;RxSwift
973;SAP
974;SAP BI
975;SAP Business Objects BI
976;SAP ERP
977;SAP HCM
978;SAP HR
979;SAP Hybris
980;SAP PM
981;SAP S/4 HANA
982;SAP SD/MM
983;SAP TM
984;SAP НСИ
985;SAS
986;SAST/DAST
987;SCSS
988;SDL/SDLC
989;SE Ranking
990;SEO-оптимизация
991;SEO-аудит сайтов
992;SIEM
993;SIP
994;SMB
995;SMM
996;SOA
997;SOAP
998;SOLID
999;SQL
1000;Службы отчётности SQL Server
1001;SQLalchemy
1002;SQLite
1003;SRE
1004;SSAS
1005;SSDL
1006;SSH
1007;SSIS
1008;STM32
1009;SVG
1010;SVN
1011;SW/HW
1012;Saas
1013;Sails.js
1014;Продажи
1015;Продажи HR-услуг
1016;Salesforce
1017;Samba
1018;Sanic
1019;Sass
1020;Scada
1021;Scala
1022;Scheme
1023;Scrapy
1024;Scratch
1025;Screaming Frog
1026;Скриптовое программирование
1027;Написание сценариев
1028;Scrum
1029;Scrum Master
1030;Поисковая оптимизация
1031;Подбор руководителей
1032;Подбор специалистов
1033;Selenide
1034;Selenium
1035;Семантический веб
1036;Семантическая верстка
1037;Sencha touch
1038;Sentry
1039;SerpStat
1040;Администрирование серверов
1041;Server-side rendering
1042;Service Discovery
1043;Настройка оборудования Cisco
1044;VPN
1045;Настройка и наладка оборудования
1046;Настройка офисных мини-атс
1047;Шейдеры
1048;Sharepoint
1049;Shell
1050;Shell scripting
1051;Съемка видео
1052;Siemens NX
1053;Signalr
1054;Silex
1055;Simatic step7
1056;Simpla CMS
1057;Sinatra
1058;Sketch
1059;Slim
1060;Smalltalk
1061;Smart TV
1062;SmartCards
1063;Smarty
1064;Socket.io
1065;Сокеты
1066;Программная инженерия
1067;Управление требованиями к ПО
1068;Спецификация программного обеспечения
1069;Разработка программного обеспечения
1070;Локализация ПО
1071;Тестирование ПО
1072;Solana
1073;Пайка радиокомпонентов
1074;SolidWorks
1075;Solidity
1076;Solr
1077;SonarQube
1078;Sonatype Nexus
1079;Sony Vegas
1080;Sony Vegas Pro
1081;Саунд-дизайн
1082;Звукорежиссура
1083;Sphinx
1084;Splunk
1085;Spring Boot
1086;Squid
1087;Starling
1088;Руководство стартапом
1089;StatsModels
1090;Сеть хранения данных
1091;Раскадровка
1092;Storybook
1093;Strapi
1094;Стратегические коммуникации
1095;Стратегический маркетинг
1096;Стратегическое управление
1097;Стратегическое планирование
1098;Нагрузочное тестирование
1099;Структурированная кабельная система
1100;Stylus
1101;Предметная визуализация
1102;Sublime Text
1103;SugarCRM
1104;Svelte.js
1105;Swagger
1106;Swift
1107;SwiftUI
1108;Swing
1109;Switching
1110;Sybase
1111;Symfony
1112;Синхронная цифровая иерархия
1113;Системное программирование
1114;Системное администрирование
1115;Системный анализ
1116;Системная аналитика
1117;Системная интеграция
1118;SystemC
1119;SystemVerilog
1120;T-SQL
1121;TCP
1122;TDD/BDD
1123;TOGAF
1124;TYPO3
1125;Tableau
1126;Поиск талантов
1127;Tarantool
1128;Таргетированная реклама
1129;Преподавание в IT
1130;Team Foundation Server
1131;Построение команды
1132;Подбор команды
1133;TeamCity
1134;Работа в команде
1135;Технический директор
1136;Технический дизайн
1137;Техническая документация
1138;Техническая поддержка
1139;Технический перевод
1140;Телекоммуникации
1141;TensorFlow
1142;Terraform
1143;Разработка через тестирование
1144;Автоматизация тестирования
1145;Разработка тест-кейсов
1146;TestLink
1147;TestNG
1148;TestRail
1149;Текстовый перевод
1150;Текстурирование
1151;Анализ угроз
1152;Three.js
1153;Tilda
1154;Titanium
1155;Tornado Web Server
1156;Слепая печать
1157;Обучение персонала
1158;Trello
1159;Twig
1160;Twisted
1161;Twitter Bootstrap
1162;TypeORM
1163;TypeScript
1164;Типографика
1165;UI/UX дизайн
1166;UIKit
1167;UMI.CMS
1168;UML
1169;UVM
1170;UWSGI
1171;UX-копирайтинг
1172;UX тестирование
1173;Ubuntu
1174;Underscore.js
1175;Unit-экономика
1176;Модульное тестирование
1177;Unity3d
1178;Unix
1179;Unix Shell Scripting
1180;Unreal Engine
1181;Исследование пользователя
1182;V-Ray
1183;VBScript
1184;VHDL
1185;VK API
1186;ВКС
1187;Дизайн групп Вконтакте
1188;VMWare ESXi
1189;VMware
1190;VPS
1191;Vaadin
1192;Vagrant
1193;Валидная верстка
1194;Vanilla.js
1195;Векторная графика
1196;Венчурные инвестиции
1197;Verilog HDL
1198;Системы контроля версий
1199;Vert.x
1200;Видеодизайн
1201;Монтаж видео
1202;Видеостриминг
1203;Просмотр кода
1204;Vim
1205;Вирусный маркетинг
1206;VirtualBox
1207;Виртуализация
1208;Системы виртуализации
1209;VirtueMart
1210;Visual Basic
1211;Visual Basic для приложений
1212;Visual C#
1213;Visual Studio
1214;Визуализация
1215;Vmware vSphere
1216;Озвучивание
1217;Vue.js
1218;Vulkan API
1219;WCF
1220;WPF
1221;Waterfall
1222;Way4 Platform
1223;Web
1224;Web Interface Design
1225;Веб аналитика
1226;Веб-дизайн
1227;Веб-разработка
1228;WebGL
1229;WebRTC
1230;WebSockets
1231;WebTutor
1232;Webasyst
1233;Webflow
1234;Webpack
1235;Администрирование сайтов
1236;Проектирование сайтов
1237;Раскрутка сайтов
1238;Поддержка сайтов
1239;Тестирование сайтов
1240;Win32 API
1241;WinDbg
1242;WinRT
1243;Windows API
1244;Администрирование Windows
1245;Windows Azure
1246;Windows Forms
1247;Wireframes
1248;Беспроводные технологии
1249;Wireshark
1250;Wolfram Mathematica
1251;WooCommerce
1252;WordPress
1253;Работа с аудио и видео
1254;Wowza
1255;Wrike
1256;Написание инструкций
1257;Написание музыки
1258;WxWidgets
1259;X86 asm
1260;XAML
1261;XHTML
1262;XML
1263;XMPP
1264;XPath
1265;XSLT
1266;Xamarin
1267;Xcode
1268;Xen
1269;Xen Cloud Platform
1270;Yandex DataLens
1271;Yandex Database
1272;Яндекс директ
1273;Yandex.Cloud
1274;API Яндекс.Карты
1275;Яндекс.Метрика
1276;Yii framework
1277;YouTrack
1278;Yupe
1279;ZBrush
1280;Zabbix
1281;Zend Framework
1282;Zennoposter
1283;Zeplin
1284;ZigBee
1285;Zurb foundation
1286;cURL
1287;Контекстная реклама
1288;gRPC
1289;iOS Human Interface Guidelines
1290;Разработка под iOS
1291;kPHP
1292;koa.js
1293;pfSense
1294;pgSQL
1295;reStructuredText
1296;vTiger
1297;z/OS
